{
  "bytes": 19232,
  "datahub": {
    "created": "2017-11-09T01:28:47.015126",
    "findability": "published",
    "flowid": "core/country-list/11",
    "modified": "2018-07-21T12:25:56.154211",
    "owner": "core",
    "ownerid": "core"
  },
  "hash": "0ce202197d9c82f4940427f7c9941cd4",
  "id": "core/country-list",
  "licenses": [
    {
      "name": "ODC-PDDL-1.0",
      "path": "http://opendatacommons.org/licenses/pddl/",
      "title": "Open Data Commons Public Domain Dedication and License v1.0"
    }
  ],
  "name": "country-list",
  "related": [
    {
      "formats": [
        "CSV",
        "JSON"
      ],
      "path": "/core/country-codes",
      "publisher": "core",
      "title": "Country codes"
    },
    {
      "formats": [
        "CSV",
        "JSON"
      ],
      "path": "/core/continent-codes",
      "publisher": "core",
      "title": "Continent codes"
    },
    {
      "formats": [
        "CSV",
        "JSON"
      ],
      "path": "/core/airport-codes",
      "publisher": "core",
      "title": "Airport codes"
    },
    {
      "formats": [
        "CSV",
        "JSON"
      ],
      "path": "/core/language-codes",
      "publisher": "core",
      "title": "Language codes"
    }
  ],
  "resources": [
    {
      "bytes": 3870,
      "datahub": {
        "type": "original"
      },
      "dpp:streamedFrom": "https://s3.amazonaws.com/rawstore.datahub.io/d7c9d7cfb42cb69f4422dec222dbbaa8.csv",
      "encoding": "UTF-8",
      "format": "csv",
      "mediatype": "text/csv",
      "name": "data_original",
      "path": "archive/data.csv",
      "pathType": "local",
      "primaryKey": "Code",
      "profile": "data-resource",
      "schema": {
        "fields": [
          {
            "description": "Country Name",
            "name": "Name",
            "type": "string"
          },
          {
            "description": "ISO 2-digit code from ISO 3166-alpha-2",
            "name": "Code",
            "type": "string"
          }
        ]
      }
    },
    {
      "bytes": 424,
      "datahub": {
        "type": "derived/report"
      },
      "description": "Validation report for tabular data",
      "dpp:streamedFrom": "/tmp/tmp1l6bc8q2/core/country-list/validation_report/data/3c8e572a2770aa07680b3d1aca5e740b/validation_report.json",
      "format": "json",
      "hash": "3c8e572a2770aa07680b3d1aca5e740b",
      "name": "validation_report",
      "path": "data/validation_report.json",
      "profile": "data-resource"
    },
    {
      "bytes": 4120,
      "datahub": {
        "derivedFrom": [
          "data"
        ],
        "type": "derived/csv"
      },
      "dialect": {
        "delimiter": ",",
        "doubleQuote": true,
        "lineTerminator": "\r\n",
        "quoteChar": "\"",
        "skipInitialSpace": false
      },
      "dpp:streamedFrom": "/tmp/tmp1l6bc8q2/core/country-list/data_csv/data/d7c9d7cfb42cb69f4422dec222dbbaa8/data_csv.csv",
      "encoding": "utf-8",
      "format": "csv",
      "hash": "d7c9d7cfb42cb69f4422dec222dbbaa8",
      "mediatype": "text/csv",
      "name": "data_csv",
      "path": "data/data_csv.csv",
      "pathType": "local",
      "primaryKey": "Code",
      "profile": "data-resource",
      "rowcount": 249,
      "schema": {
        "fields": [
          {
            "description": "Country Name",
            "name": "Name",
            "type": "string"
          },
          {
            "description": "ISO 2-digit code from ISO 3166-alpha-2",
            "name": "Code",
            "type": "string"
          }
        ]
      },
      "signed": true
    },
    {
      "bytes": 9576,
      "datahub": {
        "derivedFrom": [
          "data"
        ],
        "type": "derived/json"
      },
      "dpp:streamedFrom": "/tmp/tmp1l6bc8q2/core/country-list/data_json/data/8c458f2d15d9f2119654b29ede6e45b8/data_json.json",
      "encoding": "utf-8",
      "format": "json",
      "hash": "8c458f2d15d9f2119654b29ede6e45b8",
      "mediatype": "text/csv",
      "name": "data_json",
      "path": "data/data_json.json",
      "pathType": "local",
      "primaryKey": "Code",
      "profile": "data-resource",
      "rowcount": 249,
      "schema": {
        "fields": [
          {
            "description": "Country Name",
            "name": "Name",
            "type": "string"
          },
          {
            "description": "ISO 2-digit code from ISO 3166-alpha-2",
            "name": "Code",
            "type": "string"
          }
        ]
      },
      "signed": true
    },
    {
      "bytes": 1242,
      "dpp:streamedFrom": "/tmp/tmpd987irfy/README.md",
      "format": "md",
      "name": "readme",
      "path": "README.md"
    }
  ],
  "sources": [
    {
      "name": "ISO",
      "path": "http://www.iso.org/iso/home/standards/country_codes.htm",
      "title": "ISO"
    }
  ],
  "title": "List of all countries with their 2 digit codes (ISO 3166-1)"
}